V_in,V_real,V_theoretical,V_output,omega_1,omega_2,time
42.0000,74.0000,68.2000,435,20.38,5.22,0.000
36.0000,72.0000,66.1856,421,20.38,5.22,0.008
30.0000,70.0000,63.8648,407,20.38,5.22,0.016
25.0000,67.0000,61.5754,394,20.38,5.22,0.023
20.0000,65.0000,59.1026,378,20.38,5.22,0.030
13.0000,62.0000,56.0963,362,20.40,5.22,0.038
11.0000,59.0000,53.1828,346,20.38,5.22,0.045
7.0000,56.0000,49.9395,328,20.38,5.22,0.053
4.0000,53.0000,46.6382,310,20.38,5.22,0.061
2.0000,50.0000,43.7556,294,20.38,5.22,0.068
0.0000,47.0000,40.9327,276,20.38,5.22,0.075
0.0000,44.0000,38.1653,259,20.36,5.22,0.082
0.0000,41.0000,35.2311,244,20.38,5.22,0.090
1.0000,39.0000,32.5224,229,20.38,5.24,0.098
3.0000,36.0000,30.3912,216,20.38,5.22,0.105
6.0000,34.0000,28.5394,203,20.38,5.22,0.112
8.0000,33.0000,26.8065,194,20.36,5.22,0.120
13.0000,31.0000,25.5351,188,20.38,5.18,0.127
18.0000,30.0000,24.5713,183,20.38,5.22,0.135
23.0000,30.0000,24.0661,180,20.38,5.22,0.143
28.0000,29.0000,23.9940,179,20.38,5.22,0.150
33.0000,30.0000,24.2649,180,20.38,5.22,0.157
39.0000,30.0000,24.9365,181,20.38,5.22,0.165
44.0000,31.0000,25.8872,187,20.38,5.22,0.172
50.0000,31.0000,27.2798,192,20.38,5.22,0.180
54.0000,33.0000,29.0266,199,20.38,5.16,0.188
60.0000,34.0000,30.7150,209,20.38,5.22,0.195
64.0000,36.0000,32.6948,218,20.38,5.22,0.202
68.0000,39.0000,35.1017,228,20.38,5.22,0.210
71.0000,40.0000,37.3258,244,20.38,5.22,0.217
73.0000,42.0000,39.9148,252,20.38,5.22,0.225
75.0000,45.0000,42.4586,262,20.38,5.22,0.233
75.0000,46.0000,44.6585,277,20.40,5.22,0.240
76.0000,48.0000,46.7098,284,20.38,5.22,0.247
75.0000,50.0000,48.9617,294,20.38,5.22,0.255
73.0000,51.0000,50.9637,305,20.38,5.22,0.263
73.0000,52.0000,52.4535,311,20.38,5.24,0.270
69.0000,54.0000,54.0331,317,20.38,5.22,0.278
66.0000,55.0000,55.0450,325,20.38,5.22,0.285
63.0000,55.0000,55.7856,327,20.38,5.22,0.292
60.0000,56.0000,56.3403,327,20.38,5.24,0.300
56.0000,57.0000,56.6217,332,20.38,5.24,0.308
51.0000,56.0000,56.5796,331,20.38,5.22,0.315
46.0000,56.0000,56.1506,328,20.38,5.22,0.323
43.0000,55.0000,55.4644,325,20.38,5.22,0.330
42.0000,54.0000,54.6217,319,20.38,5.26,0.337
36.0000,54.0000,53.6513,313,20.38,5.22,0.345
35.0000,52.0000,52.2942,309,20.38,5.24,0.353
33.0000,51.0000,51.1250,302,20.38,5.24,0.360
32.0000,50.0000,49.7315,294,20.38,5.24,0.368
29.0000,49.0000,48.5327,290,20.38,5.22,0.375
29.0000,48.0000,47.2122,283,20.38,5.22,0.382
32.0000,47.0000,45.6447,276,20.40,5.24,0.391
31.0000,46.0000,44.7222,273,20.38,5.20,0.398
35.0000,45.0000,43.7945,267,20.38,5.22,0.405
40.0000,44.0000,43.1184,262,20.40,5.24,0.413
34.0000,44.0000,42.9076,264,20.38,5.12,0.420
44.0000,45.0000,42.3053,259,20.38,5.20,0.427
50.0000,44.0000,42.4512,259,20.34,5.22,0.436
58.0000,44.0000,42.9615,264,20.38,5.22,0.443
65.0000,47.0000,43.9782,269,20.38,5.24,0.450
68.0000,47.0000,45.5945,275,20.34,5.24,0.458
78.0000,48.0000,47.1092,288,20.38,5.24,0.465
84.0000,52.0000,49.1976,297,20.38,5.24,0.472
88.0000,53.0000,52.1930,308,20.34,5.24,0.481
95.0000,55.0000,54.6138,326,20.38,5.22,0.488
101.0000,59.0000,57.3442,338,20.38,5.22,0.495
104.0000,61.0000,60.7006,363,20.34,5.22,0.503
112.0000,63.0000,63.6279,372,20.38,5.24,0.510
116.0000,67.0000,67.7912,388,20.38,5.22,0.519
119.0000,69.0000,71.0505,412,20.38,5.22,0.526
122.0000,72.0000,74.2922,426,20.38,5.22,0.533
125.0000,76.0000,77.9601,440,20.40,5.24,0.541
122.0000,79.0000,81.1402,463,20.38,5.18,0.548
126.0000,84.0000,84.2817,474,20.38,5.24,0.556
124.0000,84.0000,87.4892,503,20.38,5.22,0.564
122.0000,86.0000,89.9575,506,20.40,5.22,0.571
120.0000,89.0000,92.4211,514,20.38,5.22,0.579
118.0000,91.0000,94.2856,530,20.38,5.22,0.586
114.0000,94.0000,95.8888,536,20.38,5.22,0.593
114.0000,94.0000,97.2813,553,20.34,5.22,0.601
107.0000,94.0000,98.5667,551,20.38,5.24,0.609
101.0000,95.0000,99.2151,550,20.38,5.22,0.617
97.0000,95.0000,99.3357,557,20.38,5.22,0.624
92.0000,95.0000,99.1778,554,20.38,5.22,0.631
88.0000,95.0000,98.6260,551,20.38,5.22,0.639
83.0000,95.0000,97.8090,552,20.38,5.22,0.647
80.0000,93.0000,96.8078,544,20.38,5.24,0.654
76.0000,93.0000,95.5156,538,20.38,5.22,0.662
72.0000,92.0000,94.1962,536,20.38,5.18,0.669
71.0000,90.0000,92.6956,527,20.38,5.24,0.676
69.0000,90.0000,91.0275,517,20.38,5.24,0.684
68.0000,88.0000,89.3340,513,20.38,5.24,0.692
68.0000,86.0000,87.8917,505,20.38,5.24,0.699
68.0000,86.0000,86.3623,497,20.38,5.24,0.707
69.0000,85.0000,85.1209,494,20.38,5.24,0.714
71.0000,83.0000,84.0311,488,20.38,5.24,0.721
75.0000,83.0000,83.0292,481,20.40,5.24,0.729
77.0000,82.0000,82.4119,482,20.38,5.24,0.737
81.0000,83.0000,82.0460,478,20.38,5.22,0.744
83.0000,82.0000,81.9656,477,20.36,5.24,0.752
89.0000,82.0000,82.0355,480,20.38,5.24,0.759
93.0000,84.0000,82.5064,482,20.38,5.24,0.766
97.0000,84.0000,83.4095,491,20.36,5.24,0.775
104.0000,84.0000,84.3283,494,20.38,5.22,0.782
108.0000,87.0000,85.8408,499,20.38,5.24,0.790
111.0000,88.0000,87.3389,514,20.38,5.26,0.797
116.0000,89.0000,88.9385,518,20.38,5.22,0.804
120.0000,91.0000,91.0191,526,20.38,5.22,0.812
122.0000,92.0000,93.2473,542,20.38,5.24,0.820
125.0000,96.0000,95.1911,549,20.38,5.22,0.827
125.0000,97.0000,97.4830,570,20.34,5.22,0.835
126.0000,98.0000,99.3433,573,20.38,5.24,0.842
128.0000,101.0000,101.3927,579,20.38,5.20,0.850
125.0000,102.0000,103.1915,594,20.38,5.24,0.857
124.0000,104.0000,105.0686,598,20.38,5.22,0.866
121.0000,105.0000,106.3485,610,20.38,5.22,0.873
119.0000,107.0000,107.4749,612,20.38,5.20,0.881
114.0000,106.0000,108.2541,620,20.38,5.22,0.888
109.0000,109.0000,108.6959,618,20.38,5.22,0.896
115.0000,107.0000,108.7192,622,20.38,5.04,0.904
115.0000,109.0000,109.1439,621,20.38,4.86,0.911
105.0000,108.0000,109.5941,627,20.38,4.68,0.919
94.0000,108.0000,109.2835,621,20.38,4.56,0.926
85.0000,106.0000,108.1084,625,20.38,4.50,0.934
74.0000,105.0000,106.5462,609,20.38,4.42,0.941
64.0000,103.0000,103.7450,594,20.38,4.36,0.950
55.0000,100.0000,101.0579,583,20.38,4.30,0.957
38.0000,100.0000,97.9441,564,20.38,4.16,0.964
22.0000,94.0000,93.3355,544,20.38,4.02,0.972
8.0000,89.0000,88.5128,516,20.38,3.84,0.979
3.0000,84.0000,83.0696,487,20.38,3.74,0.986
2.0000,79.0000,76.1781,456,20.38,3.56,0.995
8.0000,74.0000,71.1632,428,20.38,3.42,1.002
23.0000,70.0000,66.8930,406,20.40,3.24,1.009
52.0000,67.0000,63.5183,390,20.38,2.94,1.017
70.0000,67.0000,62.7396,391,20.38,2.60,1.024
58.0000,66.0000,63.2978,392,20.38,2.28,1.032
46.0000,67.0000,62.8905,389,20.40,2.10,1.040
32.0000,65.0000,61.7486,384,20.38,1.94,1.047
27.0000,63.0000,59.7374,371,20.38,1.84,1.054
24.0000,61.0000,57.2204,357,20.38,1.72,1.062
24.0000,59.0000,54.9745,347,20.38,1.60,1.069
30.0000,57.0000,52.5931,335,20.38,1.46,1.077
41.0000,56.0000,50.8560,326,20.38,1.32,1.085
48.0000,55.0000,50.1897,324,20.38,1.28,1.092
59.0000,54.0000,50.0416,322,20.38,1.20,1.099
68.0000,57.0000,50.7304,324,20.38,1.16,1.107
76.0000,56.0000,51.8979,341,20.38,1.12,1.114
82.0000,57.0000,53.7510,342,20.38,1.10,1.122
93.0000,60.0000,55.9229,348,20.38,1.02,1.130
105.0000,62.0000,58.4295,374,20.36,0.92,1.137
123.0000,64.0000,61.5779,380,20.38,0.76,1.144
134.0000,69.0000,66.3004,399,20.38,0.60,1.152
129.0000,73.0000,71.5053,430,20.38,0.30,1.160
102.0000,75.0000,75.3923,447,20.38,0.00,1.167
100.0000,78.0000,77.4380,453,20.38,0.00,1.175
99.0000,79.0000,78.9633,474,20.38,0.00,1.182
96.0000,80.0000,80.3179,469,20.38,0.00,1.189
94.0000,82.0000,81.3781,474,20.38,0.00,1.196
89.0000,82.0000,82.4645,476,20.38,0.00,1.205
83.0000,82.0000,82.9063,487,20.40,0.00,1.212
81.0000,82.0000,82.9127,481,20.38,0.00,1.219
76.0000,81.0000,82.7834,478,20.38,0.00,1.226
71.0000,82.0000,82.2618,476,20.38,0.00,1.234
66.0000,81.0000,81.5005,469,20.38,0.00,1.241
60.0000,80.0000,80.3087,467,20.38,0.00,1.249
54.0000,79.0000,78.9357,459,20.40,0.00,1.256
51.0000,76.0000,77.0186,449,20.38,0.00,1.264
45.0000,76.0000,75.2596,439,20.40,0.00,1.271
43.0000,73.0000,73.2138,431,20.38,0.00,1.278
40.0000,72.0000,71.1712,418,20.38,0.00,1.285
37.0000,69.0000,68.7746,407,20.38,0.00,1.293
35.0000,68.0000,66.3317,395,20.38,0.00,1.301
34.0000,66.0000,64.2135,383,20.38,0.00,1.308
34.0000,64.0000,62.1709,374,20.38,0.00,1.315
34.0000,62.0000,60.2663,363,20.38,0.00,1.322
35.0000,61.0000,58.0056,353,20.38,0.00,1.331
35.0000,59.0000,56.4503,344,20.34,0.00,1.338
40.0000,57.0000,55.0001,337,20.38,0.00,1.345
43.0000,57.0000,53.9860,331,20.38,0.00,1.352
46.0000,55.0000,53.2433,327,20.38,0.00,1.359
51.0000,56.0000,52.6864,323,20.38,0.00,1.367
56.0000,55.0000,52.5567,332,20.38,0.00,1.375
61.0000,55.0000,52.7895,326,20.38,0.00,1.382
63.0000,55.0000,53.3446,328,20.36,0.00,1.389
71.0000,57.0000,54.0869,330,20.38,0.00,1.397
71.0000,58.0000,55.2304,335,20.34,0.00,1.404
80.0000,58.0000,56.2965,343,20.38,0.00,1.411
85.0000,60.0000,58.1189,351,20.38,0.00,1.419
89.0000,63.0000,59.9362,360,20.38,0.00,1.426
93.0000,63.0000,62.1708,369,20.38,0.00,1.434
96.0000,65.0000,64.2550,390,20.38,0.00,1.441
99.0000,67.0000,66.4012,396,20.38,0.00,1.448
100.0000,68.0000,68.6051,405,20.38,0.00,1.455
102.0000,72.0000,71.3072,415,20.38,0.00,1.464
102.0000,73.0000,73.3822,437,20.38,0.00,1.471
101.0000,74.0000,75.3169,439,20.40,0.00,1.478
100.0000,78.0000,77.2915,446,20.38,0.00,1.486
99.0000,78.0000,78.8268,453,20.36,0.00,1.493
95.0000,79.0000,80.3778,465,20.38,0.00,1.501
92.0000,80.0000,81.3663,467,20.38,0.00,1.508
88.0000,83.0000,82.0852,471,20.38,0.00,1.515
81.0000,82.0000,82.5400,472,20.40,0.00,1.523
79.0000,81.0000,82.4359,482,20.38,0.00,1.530
74.0000,80.0000,82.2036,473,20.38,0.00,1.537
69.0000,80.0000,81.5729,468,20.38,0.00,1.545
63.0000,80.0000,80.6062,463,20.38,0.00,1.553
58.0000,79.0000,79.4159,455,20.38,0.00,1.560
54.0000,77.0000,77.9681,451,20.38,0.00,1.567
50.0000,76.0000,76.3477,441,20.38,0.00,1.574
45.0000,75.0000,74.3220,431,20.38,0.00,1.582
41.0000,72.0000,72.0676,420,20.38,0.00,1.590
38.0000,70.0000,69.9673,412,20.38,0.00,1.597
36.0000,68.0000,67.8061,399,20.38,0.00,1.604
35.0000,66.0000,65.6558,388,20.38,0.00,1.611
34.0000,64.0000,63.2988,376,20.38,0.00,1.619
34.0000,63.0000,61.3180,365,20.38,0.00,1.626
34.0000,61.0000,59.2178,358,20.38,0.00,1.634
36.0000,59.0000,57.5128,347,20.38,0.00,1.641
38.0000,58.0000,55.8589,340,20.38,0.00,1.649
38.0000,57.0000,54.6515,333,20.34,0.00,1.656
44.0000,56.0000,53.5258,329,20.38,0.00,1.663
48.0000,55.0000,52.7934,325,20.38,0.00,1.671
53.0000,57.0000,52.4693,323,20.38,0.00,1.678
58.0000,55.0000,52.5101,323,20.38,0.00,1.686
62.0000,55.0000,52.8813,329,20.38,0.00,1.693
67.0000,56.0000,53.4977,330,20.38,0.00,1.700
72.0000,56.0000,54.4106,333,20.38,0.00,1.707
78.0000,58.0000,55.9245,338,20.38,0.00,1.716
83.0000,60.0000,57.4169,345,20.38,0.00,1.723
89.0000,60.0000,59.1465,358,20.40,0.00,1.730
91.0000,62.0000,61.1648,367,20.38,0.00,1.737
95.0000,65.0000,63.4586,376,20.38,0.00,1.745
96.0000,66.0000,65.5910,385,20.36,0.00,1.752
100.0000,68.0000,67.9290,411,20.38,0.00,1.760
101.0000,70.0000,70.0972,413,20.38,0.00,1.767
102.0000,74.0000,72.4731,422,20.38,0.00,1.775
102.0000,74.0000,74.4693,430,20.34,0.00,1.782
101.0000,76.0000,76.3306,445,20.38,0.00,1.789
99.0000,76.0000,77.9984,452,20.38,0.00,1.796
97.0000,79.0000,79.8059,457,20.38,0.00,1.805
97.0000,80.0000,80.9684,462,20.34,0.00,1.812
90.0000,80.0000,82.0522,474,20.38,0.00,1.819
87.0000,80.0000,82.5895,474,20.38,0.00,1.826
82.0000,84.0000,82.9286,474,20.38,0.00,1.834
76.0000,82.0000,82.8572,472,20.38,0.00,1.842
72.0000,81.0000,82.3936,475,20.38,0.00,1.849
67.0000,80.0000,81.6910,469,20.38,0.00,1.856
62.0000,79.0000,80.6978,463,20.38,0.00,1.863
57.0000,79.0000,79.2602,455,20.38,0.00,1.871
52.0000,77.0000,77.7553,447,20.38,0.00,1.878
47.0000,76.0000,75.7751,441,20.38,0.00,1.886
44.0000,74.0000,73.8298,430,20.38,0.00,1.893
40.0000,72.0000,71.5363,419,20.38,0.00,1.901
40.0000,70.0000,69.4043,408,20.34,0.00,1.908
37.0000,69.0000,67.4164,400,20.36,0.00,1.915
43.0000,66.0000,65.3600,389,20.24,0.00,1.922
51.0000,65.0000,63.6409,380,20.12,0.00,1.930
64.0000,63.0000,62.6690,374,19.98,0.00,1.938
100.0000,64.0000,62.7590,375,19.60,0.00,1.945
102.0000,67.0000,65.2767,396,19.48,0.00,1.952
87.0000,68.0000,67.7594,407,19.20,0.00,1.959
51.0000,71.0000,69.2388,411,18.88,0.00,1.967
35.0000,69.0000,67.8365,402,18.66,0.00,1.975
48.0000,67.0000,65.6166,390,18.36,0.04,1.982
90.0000,65.0000,64.4256,383,18.16,0.24,1.989
116.0000,67.0000,66.3919,392,17.96,0.48,1.997
115.0000,70.0000,69.7456,417,17.72,0.68,2.004
91.0000,76.0000,73.6407,430,17.58,0.86,2.013
58.0000,75.0000,74.8143,433,17.34,1.02,2.020
18.0000,73.0000,73.6775,428,17.04,1.22,2.027
13.0000,70.0000,69.9134,405,16.86,1.36,2.034
41.0000,65.0000,65.5377,385,16.60,1.58,2.042
103.0000,64.0000,63.8788,377,16.18,1.70,2.049
134.0000,68.0000,67.2461,391,15.86,1.86,2.058
86.0000,72.0000,71.7590,426,15.36,2.02,2.065
58.0000,73.0000,72.7218,425,15.02,2.12,2.072
71.0000,72.0000,71.5900,417,14.70,2.22,2.080
69.0000,71.0000,71.5501,420,14.44,2.46,2.087
68.0000,71.0000,71.3777,417,14.18,2.64,2.094
54.0000,72.0000,71.0869,415,13.90,2.82,2.103
46.0000,70.0000,69.9318,411,13.64,3.02,2.110
49.0000,69.0000,68.3138,400,13.40,3.16,2.117
77.0000,67.0000,66.8289,393,13.12,3.32,2.125
110.0000,68.0000,67.5166,401,12.86,3.50,2.132
124.0000,70.0000,70.7828,415,12.54,3.62,2.140
87.0000,75.0000,74.8743,433,12.28,3.80,2.148
22.0000,75.0000,75.6941,440,11.90,3.94,2.155
1.0000,71.0000,72.0640,417,11.76,4.12,2.162
3.0000,67.0000,66.6001,389,11.60,4.22,2.170
32.0000,62.0000,62.3004,364,11.38,4.34,2.177
88.0000,60.0000,59.9708,354,11.02,4.44,2.185
110.0000,63.0000,62.1258,366,10.82,4.56,2.193
108.0000,66.0000,65.3623,390,10.56,4.72,2.200
85.0000,68.0000,68.2449,404,10.34,4.82,2.207
66.0000,70.0000,69.5332,407,10.08,4.92,2.215
76.0000,70.0000,69.2943,408,9.82,4.98,2.222
98.0000,69.0000,69.8098,410,9.56,5.08,2.230
94.0000,72.0000,71.9772,419,9.42,5.20,2.238
93.0000,73.0000,73.4661,433,9.26,5.24,2.245
73.0000,74.0000,74.7867,437,9.04,5.30,2.252
40.0000,77.0000,74.6493,434,8.82,5.34,2.260
18.0000,72.0000,71.9852,420,8.66,5.36,2.268
4.0000,68.0000,68.3355,400,8.48,5.40,2.275
1.0000,64.0000,63.9860,376,8.40,5.44,2.282
1.0000,60.0000,59.1435,352,8.36,5.48,2.290
15.0000,57.0000,55.2127,330,8.18,5.52,2.297
27.0000,54.0000,52.4940,317,8.10,5.58,2.304
54.0000,52.0000,50.5340,307,7.94,5.64,2.312
76.0000,53.0000,50.8005,309,7.78,5.68,2.320
87.0000,54.0000,52.5042,324,7.70,5.72,2.327
93.0000,56.0000,54.8363,335,7.60,5.74,2.334
89.0000,60.0000,57.7705,347,7.38,5.80,2.342
82.0000,61.0000,59.8818,365,7.26,5.84,2.349
82.0000,62.0000,61.5823,368,7.22,5.86,2.357
89.0000,63.0000,62.9626,373,7.20,5.92,2.364
71.0000,66.0000,64.9645,381,6.94,6.06,2.372
72.0000,66.0000,65.3725,386,6.70,6.14,2.379
87.0000,67.0000,65.8206,387,6.46,6.30,2.386
95.0000,68.0000,67.4489,393,6.10,6.48,2.394
74.0000,69.0000,69.5671,415,5.90,6.56,2.402
19.0000,69.0000,69.8668,407,5.58,6.68,2.409
5.0000,68.0000,66.4279,385,5.30,6.88,2.416
43.0000,62.0000,61.7052,362,5.06,7.02,2.424
84.0000,61.0000,60.4406,358,4.94,7.18,2.431
125.0000,62.0000,62.2520,368,4.70,7.28,2.439
122.0000,67.0000,67.0763,391,4.42,7.54,2.447
90.0000,70.0000,70.7894,418,4.22,7.58,2.454
41.0000,71.0000,72.0882,420,3.90,7.70,2.461
43.0000,70.0000,69.6980,406,3.62,7.80,2.469
51.0000,68.0000,67.8931,394,3.42,7.96,2.476
68.0000,66.0000,66.5943,390,3.18,8.10,2.484
51.0000,66.0000,66.6893,391,2.82,8.26,2.491
41.0000,66.0000,65.4830,384,2.56,8.40,2.499
66.0000,64.0000,63.8278,377,2.28,8.54,2.506
99.0000,64.0000,63.9747,377,2.10,8.66,2.513
110.0000,67.0000,66.6675,389,1.96,8.86,2.521
103.0000,69.0000,69.9990,417,1.86,8.98,2.529
84.0000,71.0000,72.2301,420,1.68,9.12,2.536
65.0000,73.0000,73.1351,423,1.60,9.24,2.544
49.0000,72.0000,72.5851,418,1.48,9.36,2.551
48.0000,70.0000,70.9906,412,1.42,9.46,2.558
56.0000,69.0000,69.4363,403,1.34,9.60,2.565
69.0000,69.0000,68.2799,398,1.28,9.72,2.574
76.0000,68.0000,68.3285,403,1.18,9.94,2.581
65.0000,69.0000,68.8472,405,1.10,10.04,2.588
36.0000,71.0000,68.5514,402,1.00,10.24,2.596
32.0000,67.0000,66.3506,392,0.88,10.30,2.603
27.0000,65.0000,63.7096,380,0.76,10.44,2.611
34.0000,62.0000,60.8873,363,0.68,10.56,2.619
50.0000,60.0000,59.0695,356,0.64,10.70,2.626
81.0000,60.0000,58.4564,351,0.60,10.86,2.633
104.0000,62.0000,60.1896,359,0.56,10.96,2.641
119.0000,65.0000,63.1514,383,0.54,11.06,2.648
123.0000,68.0000,67.4455,399,0.52,11.20,2.656
123.0000,72.0000,71.7167,416,0.48,11.24,2.664
112.0000,74.0000,75.1837,440,0.48,11.32,2.671
94.0000,79.0000,78.0143,451,0.48,11.42,2.679
79.0000,78.0000,79.0950,460,0.48,11.50,2.686
67.0000,78.0000,79.0886,456,0.48,11.58,2.693
62.0000,79.0000,78.1592,448,0.48,11.62,2.701
60.0000,76.0000,76.9167,441,0.48,11.68,2.709
62.0000,75.0000,75.7731,438,0.48,11.74,2.716
69.0000,76.0000,74.8419,432,0.48,11.80,2.723
111.0000,74.0000,74.3928,429,0.50,12.08,2.731
124.0000,76.0000,77.2072,448,0.48,12.16,2.739
128.0000,81.0000,80.8048,464,0.48,12.24,2.747
127.0000,83.0000,83.9955,489,0.48,12.20,2.754
126.0000,85.0000,86.9030,500,0.48,12.14,2.761
126.0000,89.0000,89.9089,511,0.48,12.12,2.769
126.0000,91.0000,92.3489,530,0.48,12.24,2.776
103.0000,95.0000,95.2451,538,0.50,12.40,2.785
96.0000,93.0000,95.7694,553,0.48,12.44,2.792
106.0000,93.0000,95.7850,542,0.48,12.36,2.799
96.0000,95.0000,96.5704,544,0.48,12.40,2.807
127.0000,94.0000,96.5318,549,0.48,12.10,2.814
62.0000,95.0000,98.5917,558,0.48,20.44,2.821
127.0000,94.0000,95.4423,541,0.48,12.04,2.830
114.0000,96.0000,97.5758,560,0.48,12.20,2.837
106.0000,98.0000,98.6862,562,0.48,12.24,2.844
57.0000,98.0000,99.2485,575,0.50,20.46,2.852
61.0000,95.0000,96.3923,551,0.48,20.46,2.859
61.0000,93.0000,93.3460,537,0.48,20.42,2.868
124.0000,91.0000,91.1592,529,0.48,12.00,2.875
121.0000,92.0000,93.3794,541,0.48,12.02,2.882
109.0000,95.0000,95.5030,548,0.48,12.10,2.890
94.0000,96.0000,96.4155,559,0.48,12.18,2.897
113.0000,95.0000,96.2522,554,0.48,12.04,2.904
87.0000,97.0000,97.6937,559,0.48,12.18,2.913
93.0000,96.0000,96.9707,557,0.46,12.14,2.920
113.0000,98.0000,96.7023,554,0.48,11.98,2.927
105.0000,97.0000,97.9553,571,0.50,12.00,2.935
101.0000,97.0000,98.4316,567,0.48,12.02,2.942
98.0000,98.0000,98.6526,565,0.48,12.02,2.951
99.0000,98.0000,98.6085,570,0.50,11.98,2.958
95.0000,97.0000,98.6350,567,0.48,12.00,2.965
89.0000,98.0000,98.3555,563,0.48,12.02,2.973
83.0000,97.0000,97.7230,565,0.50,12.02,2.980
83.0000,96.0000,96.7276,557,0.50,12.00,2.987
97.0000,95.0000,95.5461,549,0.50,11.90,2.996
90.0000,95.0000,95.6444,556,0.50,11.92,3.003
110.0000,95.0000,95.2628,551,0.50,11.78,3.010
116.0000,96.0000,96.3959,555,0.50,11.70,3.018
98.0000,97.0000,97.7213,569,0.50,11.82,3.025
58.0000,97.0000,97.7401,565,0.50,12.28,3.032
58.0000,95.0000,94.3198,548,0.50,12.26,3.041
116.0000,92.0000,91.8644,537,0.50,11.40,3.048
119.0000,93.0000,93.4961,546,0.50,11.42,3.055
121.0000,96.0000,95.4569,552,0.50,11.48,3.063
116.0000,97.0000,97.1838,568,0.50,11.58,3.070
107.0000,100.0000,98.8033,571,0.50,11.26,3.079
119.0000,99.0000,99.3574,587,0.50,11.50,3.086
105.0000,100.0000,100.6854,582,0.52,11.24,3.093
121.0000,101.0000,101.0171,581,0.50,11.40,3.101
121.0000,102.0000,102.3681,592,0.50,12.60,3.108
118.0000,104.0000,103.8005,596,0.50,11.28,3.116
62.0000,104.0000,104.8923,605,0.50,10.58,3.124
52.0000,102.0000,101.5946,585,0.52,10.80,3.132
57.0000,98.0000,98.2417,569,0.52,10.84,3.139
80.0000,95.0000,95.4536,553,0.52,10.40,3.146
73.0000,95.0000,94.2654,548,0.52,10.42,3.154
85.0000,94.0000,92.8278,544,0.52,10.34,3.161
95.0000,93.0000,92.2259,540,0.52,10.26,3.169
113.0000,93.0000,92.4392,538,0.52,10.10,3.177
116.0000,94.0000,93.8292,552,0.52,9.96,3.184
98.0000,95.0000,95.3281,558,0.54,9.80,3.191
84.0000,97.0000,95.5335,556,0.52,9.68,3.199
69.0000,95.0000,94.6468,556,0.52,9.58,3.207
54.0000,94.0000,92.9129,545,0.52,9.46,3.214
50.0000,92.0000,89.9210,528,0.52,9.26,3.222
67.0000,89.0000,87.2221,520,0.54,9.08,3.229
89.0000,87.0000,85.8550,508,0.52,8.96,3.236
110.0000,87.0000,86.0676,509,0.52,8.80,3.243
115.0000,89.0000,88.1274,516,0.52,8.68,3.252
101.0000,91.0000,89.9442,531,0.52,8.48,3.259
82.0000,91.0000,90.6916,532,0.52,8.36,3.266
61.0000,91.0000,90.0234,527,0.52,8.22,3.274
50.0000,89.0000,88.0611,518,0.52,8.12,3.281
47.0000,86.0000,85.4879,502,0.52,8.00,3.288
50.0000,84.0000,82.1754,487,0.52,7.92,3.297
60.0000,82.0000,80.0001,484,0.54,7.80,3.304
82.0000,80.0000,78.6480,470,0.52,7.68,3.311
105.0000,80.0000,78.8746,470,0.54,7.50,3.318
113.0000,83.0000,80.8832,479,0.52,7.32,3.326
99.0000,84.0000,83.0545,496,0.52,7.18,3.333
80.0000,85.0000,84.2805,499,0.54,7.08,3.341
47.0000,86.0000,83.9514,495,0.54,6.86,3.349
42.0000,83.0000,81.4533,482,0.54,6.74,3.356
57.0000,80.0000,78.7860,466,0.52,6.58,3.363
71.0000,81.0000,77.1110,458,0.54,6.46,3.371
100.0000,78.0000,76.6412,454,0.54,6.28,3.379
84.0000,80.0000,78.2205,469,0.54,5.88,3.386
71.0000,79.0000,78.6112,469,0.54,5.80,3.393
59.0000,80.0000,78.0261,464,0.52,5.70,3.401
44.0000,78.0000,76.7398,458,0.54,5.60,3.408
43.0000,76.0000,74.5264,445,0.54,5.58,3.415
41.0000,75.0000,71.8130,431,0.54,5.54,3.424
45.0000,72.0000,69.7299,419,0.54,5.40,3.431
49.0000,71.0000,68.0580,413,0.54,5.36,3.438
44.0000,69.0000,66.7695,405,0.56,5.36,3.445
61.0000,68.0000,65.0189,396,0.66,5.14,3.453
68.0000,68.0000,64.7472,399,0.86,4.88,3.460
67.0000,68.0000,64.9972,399,1.04,4.70,3.468
72.0000,70.0000,65.1326,397,1.12,4.64,3.475
66.0000,69.0000,65.6606,399,1.24,4.48,3.483
62.0000,68.0000,65.6836,401,1.32,4.32,3.490
69.0000,68.0000,65.4345,398,1.36,4.20,3.497
80.0000,69.0000,65.7414,398,1.42,4.12,3.506
82.0000,69.0000,66.7054,416,1.62,4.00,3.513
78.0000,70.0000,67.7394,411,1.84,3.74,3.520
65.0000,71.0000,68.4331,413,1.98,3.62,3.527
31.0000,70.0000,68.1691,409,2.10,3.36,3.535
37.0000,68.0000,65.6563,395,2.22,3.28,3.542
50.0000,65.0000,63.4531,383,2.32,3.22,3.550
78.0000,65.0000,62.4187,377,2.50,3.26,3.558
63.0000,66.0000,63.4721,394,2.64,3.14,3.565
52.0000,65.0000,63.4402,385,2.72,3.10,3.572
25.0000,64.0000,62.6668,380,2.88,3.02,3.579
3.0000,63.0000,59.7709,364,3.04,3.16,3.587
3.0000,58.0000,55.4062,340,3.16,3.06,3.595
28.0000,54.0000,51.8632,319,3.26,2.92,3.602
79.0000,53.0000,50.2499,311,3.44,2.82,3.609
93.0000,55.0000,52.4604,322,3.54,2.82,3.617
97.0000,58.0000,55.2011,342,3.64,2.82,3.624
121.0000,60.0000,58.0270,355,3.76,2.62,3.631
109.0000,65.0000,63.4469,377,3.86,2.50,3.640
77.0000,67.0000,66.5266,406,4.00,2.40,3.647
51.0000,68.0000,67.2346,399,4.18,2.32,3.654
63.0000,69.0000,66.1371,390,4.26,2.36,3.661
31.0000,66.0000,65.8959,387,4.42,1.94,3.669
128.0000,64.0000,63.2130,374,4.60,1.44,3.677
135.0000,67.0000,67.5930,399,4.74,1.40,3.684
131.0000,73.0000,72.7754,421,4.78,1.34,3.692
110.0000,76.0000,76.7117,449,4.86,1.24,3.699
74.0000,77.0000,78.9622,457,5.00,1.18,3.706
71.0000,78.0000,78.5807,452,5.04,1.54,3.714
78.0000,77.0000,77.9978,452,5.06,1.44,3.722
77.0000,77.0000,77.9980,450,5.08,1.36,3.729
16.0000,79.0000,77.9305,448,5.12,0.98,3.736
1.0000,73.0000,73.1691,424,5.18,0.78,3.744
11.0000,67.0000,68.2901,396,5.24,0.68,3.751
26.0000,64.0000,64.4169,375,5.32,0.64,3.758
44.0000,62.0000,61.1105,361,5.36,0.58,3.767
76.0000,61.0000,59.9537,360,5.48,0.54,3.774
96.0000,62.0000,61.0386,367,5.52,0.48,3.781
121.0000,64.0000,63.4022,379,5.56,0.36,3.788
131.0000,69.0000,67.8305,399,5.60,0.30,3.796
134.0000,72.0000,72.6871,429,5.68,0.22,3.804
127.0000,76.0000,76.8322,448,5.78,0.20,3.811
68.0000,80.0000,80.6893,462,5.84,20.42,3.819
71.0000,79.0000,79.8314,459,5.88,20.46,3.826
102.0000,78.0000,79.2343,454,5.90,0.36,3.833
97.0000,80.0000,80.9847,461,5.92,0.36,3.841
88.0000,80.0000,82.2160,472,5.98,0.30,3.849
70.0000,81.0000,82.6071,473,6.10,0.28,3.856
71.0000,80.0000,81.6378,466,6.24,0.28,3.864
93.0000,79.0000,80.9186,466,6.38,0.30,3.871
118.0000,80.0000,81.7354,470,6.50,0.30,3.878
134.0000,85.0000,84.5237,482,6.62,0.30,3.886
132.0000,86.0000,88.3275,510,6.74,0.30,3.894
110.0000,89.0000,91.2801,522,6.88,0.30,3.901
78.0000,93.0000,92.7193,524,7.04,0.30,3.909
68.0000,90.0000,91.7242,517,7.22,0.30,3.916
83.0000,88.0000,90.1203,512,7.34,0.32,3.923
109.0000,87.0000,89.6389,508,7.46,0.30,3.930
131.0000,89.0000,91.3054,515,7.62,0.34,3.939
135.0000,91.0000,93.9890,537,7.68,0.30,3.946
125.0000,93.0000,96.7615,548,7.78,0.32,3.953
97.0000,97.0000,98.9326,557,7.88,0.40,3.961
61.0000,96.0000,98.8019,561,7.96,0.50,3.968
68.0000,94.0000,95.8956,545,8.12,0.24,3.976
3.0000,93.0000,93.7509,534,8.20,0.74,3.984
93.0000,86.0000,87.6156,497,8.36,0.20,3.991
101.0000,87.0000,87.9797,508,8.42,0.14,3.998
125.0000,87.0000,88.8599,513,8.50,0.28,4.005
110.0000,91.0000,91.6385,524,8.84,0.28,4.013
70.0000,92.0000,93.0502,536,9.06,0.30,4.021
69.0000,90.0000,91.4918,525,9.20,0.32,4.028
116.0000,90.0000,89.7626,516,9.46,0.34,4.036
116.0000,91.0000,91.5364,542,9.74,0.12,4.043
81.0000,92.0000,93.1903,540,9.88,0.08,4.050
50.0000,94.0000,92.2530,534,10.08,0.08,4.058
64.0000,89.0000,89.0045,516,10.26,0.08,4.066
111.0000,88.0000,87.3140,511,10.50,0.08,4.073
115.0000,89.0000,88.9153,518,10.66,0.08,4.080
96.0000,91.0000,90.9208,525,10.78,0.08,4.088
56.0000,91.0000,91.2642,532,10.98,0.08,4.095
50.0000,88.0000,88.5528,517,11.10,0.08,4.103
98.0000,86.0000,85.5888,501,11.38,0.08,4.111
117.0000,87.0000,86.4278,512,11.60,0.08,4.118
92.0000,88.0000,88.4947,521,11.76,0.08,4.125
65.0000,90.0000,88.7642,520,11.88,0.08,4.133
61.0000,88.0000,87.1576,513,12.16,0.08,4.140
102.0000,86.0000,85.1465,502,12.36,0.08,4.148
118.0000,88.0000,86.4423,506,12.52,0.08,4.156
93.0000,90.0000,88.5758,524,12.66,0.04,4.163
74.0000,89.0000,88.8749,522,12.78,0.08,4.170
57.0000,89.0000,87.7313,515,12.86,0.08,4.178
50.0000,87.0000,85.6537,505,12.96,0.08,4.185
54.0000,84.0000,82.9125,489,13.02,0.08,4.193
58.0000,83.0000,80.6897,478,13.06,0.06,4.201
68.0000,81.0000,79.1557,472,13.08,0.08,4.208
75.0000,80.0000,78.4015,468,13.10,0.08,4.215
82.0000,80.0000,78.1399,464,13.12,0.08,4.223
86.0000,80.0000,78.4367,471,13.12,0.08,4.231
89.0000,80.0000,78.9480,470,13.12,0.08,4.238
89.0000,82.0000,79.7209,472,13.12,0.06,4.246
99.0000,82.0000,80.3482,486,13.14,0.08,4.253
98.0000,83.0000,81.6092,484,13.14,0.06,4.260
105.0000,86.0000,82.8694,488,13.14,0.08,4.268
105.0000,86.0000,84.5709,506,13.12,0.08,4.276
110.0000,86.0000,85.9520,505,13.14,0.08,4.283
108.0000,89.0000,87.8009,511,13.14,0.06,4.291
114.0000,90.0000,89.1665,523,13.14,0.08,4.298
111.0000,90.0000,90.8453,530,13.14,0.06,4.305
113.0000,93.0000,92.3949,534,13.14,0.06,4.313
114.0000,93.0000,93.9792,547,13.14,0.06,4.321
118.0000,96.0000,95.3327,550,13.14,0.08,4.328
118.0000,96.0000,97.0754,563,13.12,0.08,4.336
118.0000,97.0000,98.4900,568,13.14,0.08,4.343
118.0000,100.0000,99.9900,572,13.14,0.08,4.351
117.0000,100.0000,101.3747,585,13.14,0.08,4.359
112.0000,102.0000,102.4310,586,13.14,0.06,4.366
114.0000,102.0000,103.1668,602,13.14,0.08,4.374
113.0000,102.0000,103.8992,595,13.14,0.08,4.381
129.0000,103.0000,104.5989,605,13.12,0.30,4.389
76.0000,104.0000,106.2485,608,13.14,20.22,4.396
65.0000,103.0000,103.6451,594,13.12,20.46,4.405
63.0000,100.0000,101.0325,581,13.14,20.46,4.412
60.0000,98.0000,98.1083,564,13.16,20.46,4.420
65.0000,96.0000,95.5319,554,13.14,20.46,4.427
67.0000,94.0000,93.1845,541,13.14,20.46,4.435
69.0000,91.0000,91.4143,534,13.14,20.46,4.442
75.0000,90.0000,89.6910,525,13.10,20.44,4.450
68.0000,90.0000,88.5615,517,13.14,20.44,4.458
70.0000,88.0000,87.1714,514,13.14,20.44,4.465
76.0000,88.0000,85.8512,505,13.14,20.46,4.473
77.0000,87.0000,85.1852,507,13.14,20.46,4.480
78.0000,86.0000,84.5559,501,13.14,20.46,4.488
65.0000,86.0000,84.0519,496,13.14,20.38,4.496
82.0000,84.0000,82.7638,492,13.12,20.46,4.503
78.0000,85.0000,82.7122,490,13.14,20.46,4.510
87.0000,84.0000,82.3499,493,13.08,20.46,4.518
93.0000,84.0000,82.6643,491,13.04,20.46,4.525
117.0000,86.0000,83.5538,491,12.90,20.38,4.534
130.0000,87.0000,85.8150,511,12.82,20.42,4.541
132.0000,91.0000,88.8022,523,12.74,20.46,4.548
131.0000,93.0000,92.1233,551,12.64,20.42,4.556
112.0000,95.0000,94.7516,554,12.54,20.46,4.563
86.0000,96.0000,96.2362,566,12.42,20.46,4.572
55.0000,95.0000,95.5442,555,12.26,20.46,4.579
54.0000,93.0000,92.4270,537,12.08,20.44,4.587
90.0000,90.0000,89.8292,524,11.84,20.46,4.594
99.0000,88.0000,89.8407,523,11.74,20.46,4.601
96.0000,91.0000,90.5449,524,11.60,20.46,4.609
64.0000,91.0000,90.9643,533,11.40,20.44,4.617
34.0000,90.0000,88.8912,519,11.00,20.46,4.625
76.0000,86.0000,85.1803,498,10.76,20.46,4.632
47.0000,85.0000,84.5596,496,10.42,20.46,4.639
19.0000,83.0000,81.6719,479,10.20,20.40,4.647
38.0000,78.0000,77.4349,455,9.92,20.46,4.654
64.0000,77.0000,74.4031,441,9.58,20.46,4.662
17.0000,76.0000,73.6032,438,9.34,20.46,4.670
6.0000,71.0000,69.7765,417,9.08,20.46,4.677
53.0000,67.0000,65.4648,393,8.84,20.46,4.684
50.0000,67.0000,64.5065,389,8.52,20.46,4.692
21.0000,66.0000,63.3912,387,8.38,20.44,4.700
9.0000,63.0000,60.5253,369,8.12,20.46,4.707
58.0000,60.0000,56.5637,350,7.88,20.46,4.715
79.0000,60.0000,56.6608,354,7.68,20.46,4.722
33.0000,61.0000,58.1710,361,7.40,20.46,4.729
12.0000,60.0000,56.2358,349,7.22,20.42,4.737
56.0000,57.0000,52.8348,334,7.00,20.46,4.745
95.0000,56.0000,53.0488,335,6.68,20.46,4.752
26.0000,60.0000,56.2741,349,6.28,20.42,4.760
106.0000,58.0000,54.2274,336,5.86,20.46,4.767
61.0000,63.0000,58.2081,355,5.48,20.46,4.775
101.0000,61.0000,58.3968,364,5.02,20.46,4.782
19.0000,63.0000,61.6723,372,4.56,20.14,4.790
107.0000,61.0000,58.3915,352,4.10,20.46,4.798
84.0000,64.0000,61.6777,377,3.64,20.46,4.805
87.0000,65.0000,63.1869,382,3.28,20.46,4.812
109.0000,67.0000,65.0177,388,2.82,20.42,4.820
68.0000,69.0000,68.3994,410,2.54,20.46,4.828
132.0000,69.0000,68.3724,406,2.14,20.46,4.835
107.0000,74.0000,73.2642,428,1.86,20.46,4.843
94.0000,75.0000,75.5450,444,1.40,20.46,4.850
128.0000,79.0000,76.9638,447,1.08,20.46,4.858
68.0000,80.0000,80.4142,478,0.78,20.46,4.865
73.0000,79.0000,79.4597,464,0.54,20.46,4.873
119.0000,79.0000,78.9631,460,0.28,20.46,4.881
108.0000,82.0000,81.6698,481,0.06,20.40,4.888
78.0000,83.0000,83.4499,488,0.00,20.46,4.895
73.0000,84.0000,83.0309,483,0.00,20.46,4.903
68.0000,82.0000,82.3527,477,0.00,20.46,4.910
67.0000,81.0000,81.2492,477,0.00,20.44,4.918
58.0000,80.0000,80.2859,467,0.00,20.46,4.925
53.0000,78.0000,78.7792,460,0.00,20.46,4.932
48.0000,78.0000,76.7972,450,0.00,20.46,4.940
45.0000,76.0000,74.8503,446,0.00,20.46,4.947
41.0000,74.0000,72.8323,431,0.00,20.46,4.954
38.0000,72.0000,70.3849,418,0.00,20.46,4.962
36.0000,70.0000,67.8951,406,0.00,20.46,4.970
34.0000,68.0000,65.7388,394,0.00,20.46,4.977
34.0000,66.0000,63.5930,384,0.00,20.46,4.984
34.0000,63.0000,61.5924,372,0.00,20.46,4.991
35.0000,64.0000,59.4709,362,0.00,20.46,4.999
35.0000,61.0000,57.5895,352,0.00,20.44,5.007
39.0000,59.0000,56.0623,353,0.00,20.46,5.014
41.0000,57.0000,54.9088,338,0.00,20.46,5.021
45.0000,56.0000,53.9685,332,0.00,20.46,5.028
49.0000,56.0000,53.2790,329,0.00,20.46,5.036
54.0000,56.0000,52.9500,327,0.00,20.46,5.044
59.0000,56.0000,53.0209,330,0.00,20.46,5.051
50.0000,56.0000,53.4252,330,0.00,20.40,5.058
63.0000,58.0000,53.1936,327,0.00,20.44,5.065
69.0000,57.0000,53.9475,330,0.00,20.44,5.073
79.0000,57.0000,54.9652,346,0.00,20.46,5.080
76.0000,58.0000,56.8130,346,0.00,0.92,5.088
71.0000,60.0000,58.1102,352,0.00,0.90,5.095
76.0000,62.0000,58.9816,355,0.00,0.92,5.102
85.0000,62.0000,60.2901,361,0.00,0.96,5.110
85.0000,64.0000,61.9607,369,0.00,0.96,5.117
86.0000,65.0000,63.5182,383,0.00,0.96,5.124
86.0000,66.0000,65.2467,388,0.00,0.96,5.132
90.0000,66.0000,66.6498,394,0.00,0.98,5.139
102.0000,71.0000,68.4450,401,0.00,20.46,5.147
82.0000,71.0000,70.7135,412,0.00,0.94,5.154
78.0000,71.0000,71.4765,421,0.00,0.92,5.161
73.0000,71.0000,71.9781,420,0.00,0.90,5.169
74.0000,71.0000,72.0472,420,0.00,0.90,5.176
93.0000,74.0000,72.1792,419,0.00,20.44,5.183
74.0000,73.0000,73.7800,426,0.00,0.90,5.191
74.0000,73.0000,73.7948,433,0.00,0.90,5.198
70.0000,73.0000,73.8087,429,0.00,0.88,5.205
79.0000,73.0000,73.5159,426,0.00,0.92,5.213
75.0000,72.0000,73.8866,428,0.00,0.90,5.220
61.0000,74.0000,73.9722,426,0.00,20.46,5.228
56.0000,73.0000,73.0952,421,0.00,20.46,5.235
51.0000,71.0000,71.9395,419,0.00,20.46,5.242
47.0000,70.0000,70.5239,410,0.00,20.46,5.249
76.0000,70.0000,68.7153,400,0.00,0.90,5.257
40.0000,70.0000,69.2754,404,0.00,20.46,5.265
37.0000,68.0000,67.2962,392,0.00,20.46,5.272
35.0000,66.0000,65.2480,384,0.00,20.46,5.279
34.0000,64.0000,63.2030,371,0.00,20.46,5.286
34.0000,62.0000,60.9577,361,0.00,20.46,5.294
34.0000,60.0000,58.8851,351,0.00,20.46,5.302
73.0000,58.0000,57.2027,344,0.00,2.60,5.309
40.0000,59.0000,58.2707,351,0.00,2.28,5.316
39.0000,59.0000,57.0355,343,0.00,20.46,5.323
39.0000,58.0000,55.6489,336,0.00,20.28,5.331
46.0000,57.0000,54.5233,328,0.00,20.46,5.338
51.0000,55.0000,53.8680,328,0.00,20.46,5.346
55.0000,55.0000,53.6741,325,0.00,20.46,5.353
61.0000,56.0000,53.7761,325,0.00,20.46,5.361
65.0000,56.0000,54.2644,327,0.00,20.46,5.368
37.0000,57.0000,54.9902,335,0.00,2.40,5.375
59.0000,55.0000,53.6071,327,0.00,4.22,5.383
46.0000,55.0000,53.9717,328,0.00,4.16,5.390
93.0000,55.0000,53.3588,323,0.00,4.36,5.398
89.0000,58.0000,56.0388,338,0.00,20.46,5.405
93.0000,60.0000,58.2672,361,0.00,20.46,5.412
96.0000,62.0000,60.6155,366,0.00,20.46,5.419
99.0000,65.0000,63.3359,377,0.00,20.46,5.427
101.0000,67.0000,66.0779,388,0.00,20.46,5.435
93.0000,69.0000,68.4388,409,0.00,20.38,5.442
102.0000,70.0000,70.0993,413,0.00,20.46,5.449
101.0000,71.0000,72.2560,422,0.00,20.46,5.456
100.0000,74.0000,74.4659,431,0.00,20.46,5.464
98.0000,76.0000,76.4291,446,0.00,20.46,5.472
95.0000,77.0000,77.8875,451,0.00,20.46,5.479
49.0000,78.0000,79.0444,455,0.00,2.44,5.486
61.0000,76.0000,76.7345,442,0.00,4.64,5.494
50.0000,75.0000,75.6707,436,0.00,4.68,5.501
72.0000,73.0000,73.9352,430,0.00,5.04,5.508
63.0000,73.0000,73.7864,430,0.00,5.00,5.516
70.0000,72.0000,73.0572,424,0.00,5.42,5.523
39.0000,74.0000,72.8505,423,0.00,5.56,5.530
36.0000,70.0000,70.2479,409,0.00,5.58,5.538
34.0000,68.0000,67.9325,396,0.00,5.60,5.545
94.0000,65.0000,65.3237,386,0.00,5.94,5.553
86.0000,67.0000,67.2624,398,0.00,6.16,5.560
50.0000,68.0000,68.5291,404,0.00,6.30,5.567
102.0000,68.0000,67.1046,395,0.00,6.00,5.575
36.0000,70.0000,69.4637,408,0.00,20.46,5.582
93.0000,68.0000,67.2014,397,0.00,0.94,5.589
90.0000,69.0000,69.1850,408,0.00,0.92,5.597
41.0000,70.0000,70.5922,413,0.00,4.84,5.604
79.0000,69.0000,68.3171,401,0.00,5.32,5.612
39.0000,70.0000,69.0393,404,0.00,3.84,5.619
38.0000,67.0000,67.0084,401,0.00,20.46,5.626
40.0000,66.0000,65.0473,383,0.00,20.46,5.633
44.0000,64.0000,63.1216,374,0.00,20.46,5.641
48.0000,63.0000,61.6515,367,0.00,20.46,5.649
53.0000,62.0000,60.7285,362,0.00,20.46,5.656
41.0000,62.0000,60.2060,363,0.00,5.62,5.663
88.0000,61.0000,58.9076,355,0.00,5.82,5.670
78.0000,61.0000,60.8744,367,0.00,0.86,5.677
83.0000,64.0000,62.3483,372,0.00,0.88,5.686
84.0000,65.0000,63.7445,378,0.00,0.88,5.693
94.0000,66.0000,65.1139,393,0.00,7.46,5.700
39.0000,68.0000,67.0668,400,0.00,4.76,5.707
101.0000,66.0000,65.1693,386,0.00,1.00,5.714
89.0000,69.0000,67.5917,400,0.00,0.90,5.721
87.0000,70.0000,69.4343,407,0.00,1.14,5.730
86.0000,71.0000,70.6219,411,0.00,20.38,5.737
101.0000,72.0000,71.6615,421,0.00,20.46,5.744
102.0000,73.0000,73.6450,431,0.00,20.46,5.751
102.0000,76.0000,75.8250,438,0.00,20.46,5.759
101.0000,77.0000,77.8374,455,0.00,20.46,5.767
99.0000,78.0000,79.4033,459,0.00,20.46,5.774
97.0000,79.0000,80.7283,465,0.00,20.46,5.781
94.0000,81.0000,81.9793,469,0.00,20.46,5.789
91.0000,82.0000,82.7919,472,0.00,20.46,5.796
87.0000,82.0000,83.3469,479,0.00,20.46,5.803
72.0000,82.0000,83.6277,479,0.00,0.82,5.811
98.0000,83.0000,82.7338,473,0.00,0.94,5.819
66.0000,83.0000,83.7658,479,0.00,14.86,5.826
84.0000,81.0000,82.5648,481,0.00,1.14,5.833
79.0000,81.0000,82.6618,477,0.00,1.16,5.840
79.0000,81.0000,82.4142,474,0.00,1.16,5.847
78.0000,82.0000,82.1518,472,0.00,1.16,5.855
78.0000,81.0000,81.8326,469,0.00,1.16,5.863
78.0000,81.0000,81.5735,467,0.00,1.16,5.870
72.0000,80.0000,81.3319,471,0.00,1.18,5.877
72.0000,79.0000,80.7010,467,0.00,1.18,5.884
72.0000,79.0000,80.1127,464,0.00,1.18,5.891
71.0000,80.0000,79.4145,461,0.00,1.18,5.900
71.0000,79.0000,78.8456,456,0.00,1.18,5.907
34.0000,78.0000,78.3152,465,0.00,20.46,5.914
35.0000,75.0000,75.3192,439,0.00,20.46,5.921
36.0000,72.0000,72.5934,423,0.00,20.46,5.928
39.0000,71.0000,69.4439,411,0.00,20.46,5.937
42.0000,69.0000,67.3857,399,0.00,20.46,5.944
46.0000,67.0000,65.6695,392,0.00,20.46,5.951
36.0000,66.0000,64.3397,384,0.00,20.38,5.958
54.0000,65.0000,62.1608,374,0.00,20.46,5.966
59.0000,64.0000,61.6090,370,0.00,20.46,5.973
49.0000,63.0000,61.4085,373,0.00,20.40,5.981
64.0000,63.0000,60.5696,367,0.00,20.44,5.988
74.0000,65.0000,60.8015,368,0.00,20.46,5.995
80.0000,64.0000,61.8162,372,0.00,20.46,6.003
84.0000,65.0000,63.0456,390,0.00,20.46,6.010
88.0000,66.0000,64.4622,391,0.00,20.46,6.017
92.0000,68.0000,66.2720,398,0.00,20.46,6.025
96.0000,70.0000,68.2499,406,0.00,20.46,6.033
96.0000,71.0000,70.1260,416,0.00,20.44,6.040
95.0000,73.0000,71.8752,431,0.00,20.42,6.047
101.0000,74.0000,73.4388,436,0.00,20.46,6.054
102.0000,79.0000,75.5576,444,0.00,20.46,6.062
101.0000,78.0000,77.5907,451,0.00,20.46,6.070
100.0000,79.0000,79.1733,465,0.00,20.46,6.077
98.0000,80.0000,80.5813,470,0.00,20.46,6.084
96.0000,82.0000,81.9204,475,0.00,20.46,6.092
96.0000,83.0000,82.8723,479,0.00,20.44,6.099
89.0000,83.0000,83.7598,489,0.00,20.46,6.106
84.0000,84.0000,84.1627,489,0.00,20.46,6.114
79.0000,85.0000,84.1502,488,0.00,20.46,6.122
75.0000,84.0000,83.8020,484,0.00,20.46,6.129
81.0000,83.0000,83.2069,484,0.00,20.42,6.136
70.0000,82.0000,83.0577,482,0.00,20.44,6.143
59.0000,83.0000,82.0539,475,0.00,20.46,6.151
54.0000,80.0000,80.2813,465,0.00,20.46,6.159
98.0000,78.0000,78.5046,461,0.00,20.26,6.166
46.0000,79.0000,79.8226,466,0.00,20.46,6.173
42.0000,77.0000,77.5360,451,0.00,20.46,6.180
39.0000,76.0000,74.8037,438,0.00,20.46,6.188
36.0000,73.0000,72.0512,424,0.00,20.46,6.196
35.0000,71.0000,69.6139,414,0.00,20.46,6.203
35.0000,68.0000,67.2738,399,0.00,20.44,6.210
34.0000,67.0000,65.0919,387,0.00,20.46,6.217
34.0000,64.0000,62.7013,376,0.00,20.46,6.225
35.0000,63.0000,60.7610,367,0.00,20.46,6.232
38.0000,61.0000,58.7803,357,0.00,20.46,6.240
40.0000,61.0000,57.3754,349,0.00,20.46,6.247
44.0000,59.0000,56.0396,343,0.00,20.46,6.255
48.0000,58.0000,55.2257,349,0.00,20.46,6.262
52.0000,58.0000,54.7372,338,0.00,20.46,6.269
42.0000,57.0000,54.5521,337,0.00,20.40,6.276
47.0000,57.0000,53.4717,331,0.00,20.40,6.285
67.0000,56.0000,53.0342,327,0.00,20.46,6.292
72.0000,57.0000,53.9783,335,0.00,20.46,6.299
77.0000,58.0000,55.1967,341,0.00,20.46,6.306
60.0000,60.0000,56.8729,348,0.00,20.38,6.314
87.0000,60.0000,57.1133,347,0.00,20.46,6.322
91.0000,61.0000,59.1338,363,0.00,20.46,6.329
90.0000,62.0000,61.2882,372,0.00,20.44,6.336
97.0000,67.0000,63.4958,380,0.00,20.46,6.344
99.0000,67.0000,65.7608,391,0.00,20.46,6.351
101.0000,69.0000,68.0080,409,0.00,20.46,6.358
102.0000,71.0000,70.5444,417,0.00,20.46,6.366
102.0000,75.0000,72.9629,426,0.00,20.46,6.374
102.0000,75.0000,74.9260,434,0.00,20.44,6.381
99.0000,75.0000,76.7564,449,0.00,20.46,6.388
97.0000,77.0000,78.2602,454,0.00,20.46,6.395
94.0000,80.0000,79.7010,459,0.00,20.46,6.403
90.0000,80.0000,80.8003,462,0.00,20.46,6.411
86.0000,80.0000,81.4222,470,0.00,20.46,6.418
87.0000,80.0000,81.7317,470,0.00,20.44,6.425
77.0000,83.0000,82.1368,470,0.00,20.46,6.433
72.0000,81.0000,81.7895,467,0.00,20.46,6.440
67.0000,80.0000,81.1277,469,0.00,20.46,6.447
62.0000,79.0000,80.0415,462,0.00,20.46,6.455
57.0000,77.0000,78.8217,454,0.00,20.46,6.462
52.0000,77.0000,77.1441,446,0.00,20.46,6.470
48.0000,76.0000,75.4442,436,0.00,20.46,6.477
44.0000,73.0000,73.5888,430,0.00,20.46,6.484
40.0000,72.0000,71.3138,419,0.00,20.46,6.492
37.0000,70.0000,68.9065,408,0.00,20.46,6.500
35.0000,68.0000,66.7494,396,0.00,20.46,6.507
34.0000,66.0000,64.6030,386,0.00,20.46,6.514
34.0000,64.0000,62.5338,374,0.00,20.46,6.521
57.0000,63.0000,60.6047,364,0.00,20.30,6.528
35.0000,62.0000,60.2945,362,0.00,20.46,6.537
37.0000,60.0000,58.5844,362,0.00,20.46,6.544
39.0000,59.0000,57.1252,346,0.00,20.46,6.551
42.0000,57.0000,55.8998,338,0.00,20.46,6.558
46.0000,57.0000,54.8312,333,0.00,20.46,6.566
50.0000,56.0000,54.2342,328,0.00,20.46,6.573
55.0000,56.0000,53.9086,330,0.00,20.46,6.581
60.0000,56.0000,53.9824,329,0.00,20.46,6.588
65.0000,57.0000,54.4451,331,0.00,20.46,6.596
70.0000,57.0000,55.1586,334,0.00,20.46,6.603
69.0000,58.0000,56.1620,343,0.00,20.44,6.610
80.0000,59.0000,57.0299,346,0.00,20.46,6.617
85.0000,62.0000,59.0069,354,0.00,20.46,6.626
84.0000,63.0000,60.7642,363,0.00,20.44,6.633
93.0000,64.0000,62.3351,384,0.00,20.46,6.640
96.0000,65.0000,64.4082,385,0.00,20.46,6.647
98.0000,68.0000,66.5440,396,0.00,20.46,6.654
101.0000,70.0000,69.2513,405,0.00,20.46,6.663
98.0000,71.0000,71.3977,426,0.00,20.42,6.670
102.0000,73.0000,73.1962,430,0.00,20.46,6.677
101.0000,75.0000,75.1435,437,0.00,20.46,6.684
100.0000,77.0000,77.1315,445,0.00,20.46,6.692
98.0000,78.0000,78.6776,459,0.00,20.46,6.699
95.0000,79.0000,80.1632,463,0.00,20.46,6.707
92.0000,82.0000,81.3039,466,0.00,20.46,6.715
88.0000,81.0000,82.0270,469,0.00,20.46,6.722
84.0000,82.0000,82.4308,478,0.00,20.46,6.729
79.0000,81.0000,82.5369,476,0.00,20.46,6.736
75.0000,82.0000,82.2978,473,0.00,20.46,6.743
69.0000,81.0000,81.6696,468,0.00,20.46,6.752
64.0000,80.0000,80.8131,475,0.00,20.46,6.759
57.0000,79.0000,79.6764,461,0.00,17.60,6.766
39.0000,77.0000,78.1433,452,0.00,17.66,6.773
35.0000,75.0000,75.1341,437,0.00,17.74,6.781
57.0000,73.0000,72.4208,421,0.00,17.84,6.788
74.0000,71.0000,71.2351,420,0.00,17.88,6.796
72.0000,72.0000,71.4220,420,0.00,17.86,6.803
77.0000,73.0000,71.4665,420,0.00,17.86,6.811
63.0000,73.0000,71.8406,422,0.00,17.80,6.818
67.0000,72.0000,71.2429,421,0.00,17.80,6.825
72.0000,71.0000,70.9167,418,0.00,17.80,6.833
76.0000,72.0000,70.9899,418,0.00,17.80,6.840
52.0000,73.0000,71.3751,420,0.00,17.70,6.848
50.0000,71.0000,70.0653,422,0.00,17.68,6.855
60.0000,70.0000,68.7087,407,0.00,17.70,6.862
64.0000,69.0000,68.1200,404,0.00,17.70,6.869
75.0000,70.0000,67.7654,403,0.00,17.72,6.878
79.0000,69.0000,68.2545,403,0.00,17.72,6.885
99.0000,70.0000,68.9810,411,0.00,17.80,6.892
102.0000,71.0000,71.0104,421,0.00,17.82,6.899
100.0000,76.0000,73.3931,430,0.00,17.78,6.907
100.0000,76.0000,75.1919,439,0.00,17.76,6.914
100.0000,77.0000,77.0991,453,0.00,17.82,6.922
87.0000,78.0000,78.6475,459,0.00,17.88,6.929
97.0000,79.0000,79.2897,460,0.00,18.40,6.937
78.0000,81.0000,80.4870,465,0.00,18.30,6.944
102.0000,80.0000,80.3189,468,0.00,18.42,6.951
101.0000,81.0000,81.7846,474,0.00,18.44,6.958
96.0000,83.0000,83.4384,480,0.00,18.46,6.967
34.0000,84.0000,84.2877,483,0.00,18.72,6.974
62.0000,80.0000,80.8879,465,0.00,18.56,6.981
52.0000,78.0000,79.6108,458,0.00,18.58,6.988
39.0000,77.0000,77.4882,448,0.00,19.32,6.996
99.0000,75.0000,74.5289,433,0.00,20.46,7.004
97.0000,76.0000,76.1833,449,0.00,20.46,7.011
101.0000,77.0000,77.5906,455,0.00,20.40,7.018
90.0000,81.0000,79.3903,462,0.00,20.46,7.026
86.0000,80.0000,80.1076,465,0.00,20.46,7.033
87.0000,80.0000,80.5059,472,0.00,20.44,7.040
76.0000,81.0000,81.0053,471,0.00,20.46,7.048
71.0000,80.0000,80.6669,469,0.00,20.46,7.055
66.0000,80.0000,79.9236,463,0.00,20.46,7.063
61.0000,79.0000,78.9823,467,0.00,20.46,7.070
56.0000,78.0000,77.7666,455,0.00,20.46,7.077
40.0000,76.0000,76.2950,446,0.00,16.50,7.084
47.0000,75.0000,73.1712,432,0.00,20.46,7.093
49.0000,73.0000,71.4019,422,0.00,15.60,7.100
50.0000,71.0000,69.8874,417,0.00,16.50,7.107
72.0000,70.0000,68.5429,409,0.00,16.56,7.114
89.0000,71.0000,68.7766,410,0.00,15.92,7.121
34.0000,72.0000,70.3315,417,0.00,16.34,7.129
58.0000,69.0000,67.5384,410,0.00,16.88,7.137
34.0000,69.0000,66.8936,402,0.00,17.00,7.144
46.0000,66.0000,64.6698,388,0.00,14.84,7.151
44.0000,65.0000,63.2343,381,0.00,16.38,7.159
73.0000,64.0000,61.9339,372,0.00,16.78,7.166
35.0000,65.0000,62.6821,382,0.00,16.30,7.173
100.0000,63.0000,60.5537,369,0.00,16.56,7.181
64.0000,66.0000,63.5862,384,0.00,16.40,7.189
55.0000,66.0000,63.6142,383,0.00,16.36,7.196
34.0000,66.0000,63.0318,381,0.00,16.22,7.203
96.0000,63.0000,61.0691,368,0.00,16.48,7.210
101.0000,68.0000,64.0758,382,0.00,15.14,7.219
34.0000,68.0000,66.5721,394,0.00,16.16,7.226
39.0000,65.0000,64.3701,382,0.00,16.78,7.233
62.0000,63.0000,62.6549,371,0.00,15.32,7.240
52.0000,64.0000,62.6045,371,0.00,15.34,7.248
102.0000,63.0000,61.8876,367,0.00,15.10,7.255
75.0000,66.0000,64.9717,389,0.00,15.24,7.263
72.0000,66.0000,65.6497,389,0.00,15.24,7.270
102.0000,69.0000,66.0790,390,0.00,15.06,7.277
93.0000,69.0000,68.8409,402,0.00,14.98,7.285
98.0000,71.0000,70.4742,417,0.00,15.10,7.292
92.0000,72.0000,72.3351,425,0.00,15.12,7.299
93.0000,75.0000,73.8469,429,0.00,15.10,7.307
44.0000,75.0000,75.3195,436,0.00,14.76,7.315
47.0000,73.0000,73.2021,428,0.00,14.76,7.322
95.0000,71.0000,71.4307,415,0.00,14.92,7.329
101.0000,72.0000,73.0241,424,0.00,15.00,7.336
63.0000,75.0000,75.4319,433,0.00,14.78,7.345
35.0000,74.0000,74.5915,435,0.00,14.64,7.352
34.0000,71.0000,71.9149,413,0.00,14.62,7.359
34.0000,68.0000,69.3516,399,0.00,14.60,7.366
34.0000,66.0000,66.6335,385,0.00,14.58,7.374
41.0000,64.0000,64.4273,374,0.00,14.50,7.381
34.0000,63.0000,62.6262,369,0.00,14.54,7.389
93.0000,61.0000,60.6907,358,0.00,13.62,7.396
82.0000,65.0000,63.1746,371,0.00,14.08,7.404
44.0000,65.0000,64.4473,377,0.00,13.94,7.411
36.0000,63.0000,63.0649,372,0.00,13.22,7.418
34.0000,62.0000,61.2352,362,0.00,13.18,7.425
36.0000,59.0000,59.1411,351,0.00,13.12,7.433
40.0000,59.0000,57.3621,343,0.00,13.08,7.441
42.0000,58.0000,56.1883,347,0.00,13.06,7.448
40.0000,57.0000,55.2290,334,0.00,13.06,7.455
47.0000,56.0000,54.1994,328,0.00,13.02,7.462
80.0000,56.0000,53.6459,325,0.00,12.90,7.470
64.0000,57.0000,55.6722,335,0.00,12.94,7.478
45.0000,58.0000,56.2352,342,0.00,20.46,7.485
49.0000,57.0000,55.4757,336,0.00,20.46,7.492
48.0000,57.0000,54.9778,332,0.00,20.44,7.500
58.0000,57.0000,54.5061,330,0.00,20.46,7.507
63.0000,57.0000,54.7423,334,0.00,20.46,7.514
62.0000,57.0000,55.3772,335,0.00,20.44,7.522
73.0000,59.0000,55.8249,336,0.00,20.46,7.529
79.0000,59.0000,57.1455,342,0.00,20.46,7.537
83.0000,60.0000,58.6230,356,0.00,20.46,7.544
87.0000,61.0000,60.2710,361,0.00,20.46,7.551
92.0000,63.0000,62.3259,368,0.00,20.46,7.559
95.0000,66.0000,64.6074,378,0.00,20.46,7.567
94.0000,67.0000,66.6622,387,0.00,20.44,7.574
97.0000,68.0000,68.5104,403,0.00,20.44,7.581
101.0000,70.0000,70.4364,411,0.00,20.46,7.588
99.0000,73.0000,72.7864,421,0.00,20.42,7.596
102.0000,74.0000,74.8016,428,0.00,20.46,7.604
101.0000,76.0000,76.6404,444,0.00,20.46,7.611
99.0000,77.0000,78.2873,450,0.00,20.46,7.618
96.0000,79.0000,79.8798,455,0.00,20.46,7.626
93.0000,79.0000,80.9696,460,0.00,20.46,7.633
90.0000,80.0000,81.7829,470,0.00,20.46,7.640
85.0000,80.0000,82.4147,471,0.00,20.46,7.648
86.0000,83.0000,82.6135,471,0.00,20.44,7.656
82.0000,81.0000,82.8424,471,0.00,20.44,7.663
89.0000,81.0000,82.7855,475,0.00,20.40,7.670
66.0000,81.0000,83.2056,477,0.00,20.46,7.677
61.0000,81.0000,82.0424,468,0.00,20.46,7.684
61.0000,80.0000,80.2312,460,0.00,20.44,7.693
51.0000,78.0000,78.9310,465,0.00,20.46,7.700
58.0000,76.0000,77.0427,446,0.00,20.42,7.707
43.0000,75.0000,75.7553,437,0.00,20.46,7.714
40.0000,74.0000,73.2371,425,0.00,20.46,7.722
40.0000,71.0000,70.6816,414,0.00,20.44,7.730
57.0000,69.0000,68.6074,406,0.00,20.36,7.737
34.0000,69.0000,67.8227,402,0.00,20.46,7.744
34.0000,69.0000,65.5360,388,0.00,20.46,7.751
34.0000,65.0000,63.1113,376,0.00,20.46,7.759
35.0000,63.0000,61.1432,368,0.00,20.46,7.766
37.0000,61.0000,59.1334,357,0.00,20.46,7.774
40.0000,61.0000,57.6370,348,0.00,20.46,7.781
43.0000,59.0000,56.2810,342,0.00,20.46,7.789
47.0000,58.0000,55.3831,348,0.00,20.46,7.796
51.0000,57.0000,54.8164,335,0.00,20.46,7.803
55.0000,56.0000,54.5583,332,0.00,20.46,7.810
61.0000,57.0000,54.5964,331,0.00,20.46,7.819
66.0000,58.0000,55.0293,333,0.00,20.46,7.826
71.0000,58.0000,55.7710,341,0.00,20.46,7.833
69.0000,59.0000,56.8005,344,0.00,20.44,7.840
75.0000,60.0000,57.7385,348,0.00,20.44,7.848
80.0000,61.0000,58.9055,352,0.00,20.44,7.855
90.0000,62.0000,60.5274,365,0.00,20.46,7.863
89.0000,63.0000,62.5199,374,0.00,20.44,7.870
92.0000,67.0000,64.3101,382,0.00,20.44,7.877
99.0000,68.0000,66.4389,391,0.00,20.46,7.885
101.0000,69.0000,68.6402,414,0.00,20.46,7.892
94.0000,71.0000,71.1283,418,0.00,20.40,7.900
102.0000,71.0000,72.6745,424,0.00,20.46,7.907
101.0000,75.0000,74.9290,432,0.00,20.46,7.915
101.0000,76.0000,76.6916,448,0.00,20.44,7.922
100.0000,77.0000,78.3352,454,0.00,20.44,7.929
95.0000,80.0000,80.0007,460,0.00,20.46,7.937
91.0000,80.0000,81.1540,463,0.00,20.46,7.945
92.0000,80.0000,81.8196,471,0.00,20.44,7.952
97.0000,81.0000,82.5079,474,0.00,20.40,7.959
94.0000,84.0000,83.6220,478,0.00,20.40,7.967
86.0000,83.0000,84.3236,480,0.00,20.42,7.974
75.0000,83.0000,84.4370,487,0.00,20.44,7.981
69.0000,82.0000,83.7114,480,0.00,20.44,7.989
58.0000,81.0000,82.7168,474,0.00,20.46,7.996
59.0000,80.0000,80.8164,464,0.00,20.44,8.004
101.0000,79.0000,79.3415,463,0.00,20.22,8.011
63.0000,80.0000,80.8057,470,0.00,20.40,8.018
52.0000,78.0000,79.6020,460,0.00,20.42,8.025
47.0000,78.0000,77.2263,452,0.00,20.42,8.034
48.0000,75.0000,75.1828,438,0.00,20.40,8.041
50.0000,74.0000,73.3451,431,0.00,20.38,8.048
41.0000,72.0000,71.7669,422,0.00,20.40,8.055
53.0000,72.0000,69.6868,410,0.00,20.34,8.062
81.0000,70.0000,68.2506,404,0.00,20.24,8.071
93.0000,71.0000,69.1126,422,0.00,20.18,8.078
41.0000,72.0000,70.7275,423,0.00,20.34,8.085
35.0000,70.0000,68.7177,409,0.00,20.42,8.092
75.0000,68.0000,66.1253,396,0.00,20.20,8.100
56.0000,69.0000,66.7253,398,0.00,20.24,8.107
67.0000,67.0000,65.9006,398,0.00,4.04,8.115
59.0000,67.0000,65.9750,396,0.00,20.46,8.122
65.0000,69.0000,65.5034,392,0.00,4.66,8.129
101.0000,67.0000,65.4647,392,0.00,4.52,8.137
70.0000,70.0000,67.8671,414,0.00,4.02,8.144
36.0000,69.0000,68.0113,408,0.00,3.52,8.151
87.0000,67.0000,65.5500,394,0.00,8.72,8.159
99.0000,70.0000,67.0002,402,0.00,12.56,8.166
54.0000,71.0000,69.4606,411,0.00,10.46,8.174
83.0000,69.0000,68.4153,414,0.00,13.84,8.181
99.0000,70.0000,69.4013,411,0.00,14.38,8.188
45.0000,71.0000,71.4024,421,0.00,13.94,8.195
88.0000,70.0000,69.1300,409,0.00,10.10,8.204
97.0000,72.0000,70.4057,416,0.00,14.36,8.211
50.0000,73.0000,72.2037,432,0.00,15.12,8.218
48.0000,72.0000,70.7026,420,0.02,14.66,8.225
72.0000,71.0000,68.9570,410,0.10,14.66,8.233
68.0000,70.0000,69.1910,416,0.20,14.62,8.241
96.0000,70.0000,69.1104,413,0.28,14.16,8.248
59.0000,73.0000,71.1779,422,0.28,13.84,8.256
55.0000,72.0000,70.3546,417,0.30,13.82,8.263
71.0000,70.0000,69.3165,410,0.38,13.68,8.270
8.0000,70.0000,69.4460,409,0.46,13.84,8.278
3.0000,66.0000,64.7221,386,0.50,13.88,8.286
15.0000,62.0000,60.5493,361,0.52,13.96,8.293
24.0000,59.0000,57.0472,344,0.56,13.94,8.301
53.0000,57.0000,54.8130,334,0.64,13.94,8.308
71.0000,57.0000,54.6904,334,0.72,13.92,8.315
74.0000,59.0000,55.9443,339,0.80,13.92,8.323
32.0000,59.0000,57.3325,349,0.92,13.86,8.331
2.0000,58.0000,55.6199,337,1.04,13.80,8.338
6.0000,54.0000,51.4972,315,1.12,13.84,8.346
57.0000,51.0000,48.4213,297,1.26,13.74,8.353
68.0000,52.0000,49.0013,305,1.38,13.78,8.360
9.0000,55.0000,50.2857,312,1.60,13.76,8.367
22.0000,50.0000,46.7324,294,1.78,13.80,8.376
71.0000,48.0000,45.0603,286,1.94,13.82,8.383
62.0000,49.0000,46.8140,294,2.02,13.76,8.390
39.0000,51.0000,47.9816,298,2.10,13.74,8.398
8.0000,50.0000,47.3744,295,2.20,13.76,8.405
12.0000,47.0000,44.3474,280,2.34,13.76,8.413
78.0000,44.0000,41.8603,267,2.54,13.80,8.421
53.0000,48.0000,44.3035,285,2.66,13.74,8.428
17.0000,48.0000,44.8915,285,2.80,13.78,8.435
30.0000,46.0000,42.7470,273,2.90,13.82,8.443
100.0000,46.0000,41.8852,269,3.02,13.92,8.450
115.0000,50.0000,46.3530,291,3.14,13.86,8.458
129.0000,54.0000,51.6310,325,3.20,13.92,8.466
89.0000,58.0000,56.8616,346,3.28,13.84,8.473
65.0000,61.0000,59.3324,354,3.40,13.88,8.481
57.0000,59.0000,59.7156,358,3.52,13.82,8.488
70.0000,60.0000,59.5320,354,3.62,10.50,8.495
67.0000,61.0000,60.4330,355,3.76,9.44,8.504
71.0000,61.0000,60.8769,362,3.90,9.84,8.511
72.0000,61.0000,61.5613,362,3.98,7.30,8.518
4.0000,64.0000,62.2670,365,4.08,8.20,8.525
86.0000,59.0000,57.7876,342,4.22,8.36,8.533
133.0000,61.0000,59.9567,359,4.32,7.86,8.541
63.0000,65.0000,64.8949,385,4.46,8.32,8.548
66.0000,65.0000,64.7492,380,4.62,12.02,8.556
36.0000,65.0000,64.8338,383,4.76,11.12,8.563
121.0000,63.0000,62.8844,370,4.84,11.38,8.570
105.0000,68.0000,67.3523,392,5.02,15.06,8.578
69.0000,70.0000,70.2469,410,5.06,20.46,8.586
37.0000,69.0000,70.1626,407,5.16,20.46,8.593
80.0000,68.0000,67.6128,392,5.36,20.44,8.601
97.0000,68.0000,68.4503,402,5.52,20.44,8.608
80.0000,72.0000,70.6451,411,5.54,20.46,8.616
29.0000,71.0000,71.2776,425,5.68,20.46,8.623
17.0000,68.0000,68.0270,400,5.82,20.46,8.631
50.0000,65.0000,64.1041,380,5.90,20.42,8.639
52.0000,64.0000,63.1504,378,5.94,20.46,8.646
64.0000,63.0000,62.3966,373,6.12,20.44,8.653
35.0000,64.0000,62.5199,373,6.26,20.36,8.661
28.0000,62.0000,60.4039,363,6.46,20.44,8.669
43.0000,60.0000,58.2132,350,6.50,20.46,8.676
66.0000,59.0000,57.0437,343,6.58,20.46,8.684
56.0000,60.0000,57.6492,350,6.70,20.46,8.691
16.0000,59.0000,57.5377,348,6.82,20.46,8.698
3.0000,57.0000,54.3440,331,6.94,20.40,8.706
35.0000,53.0000,50.3963,309,7.04,20.40,8.714
67.0000,51.0000,49.3554,304,7.16,20.36,8.721
70.0000,53.0000,50.7119,309,7.26,20.26,8.729
35.0000,54.0000,52.0159,320,7.32,20.30,8.736
33.0000,52.0000,50.8655,311,7.36,20.42,8.743
3.0000,52.0000,49.4919,303,7.42,20.34,8.751
42.0000,48.0000,45.9173,283,7.54,20.42,8.759
76.0000,47.0000,45.6524,282,7.62,20.42,8.766
107.0000,50.0000,47.9855,293,7.68,20.44,8.774
120.0000,53.0000,51.9752,320,7.76,20.46,8.781
62.0000,61.0000,57.2055,343,7.94,20.44,8.789
54.0000,60.0000,57.5740,353,8.12,20.36,8.797
128.0000,58.0000,57.3324,341,8.24,20.46,8.804
110.0000,63.0000,62.7652,366,8.40,20.46,8.812
90.0000,66.0000,65.9586,389,8.44,20.42,8.819
99.0000,67.0000,67.5839,394,8.70,20.46,8.826
135.0000,69.0000,69.9994,403,8.86,20.46,8.834
68.0000,73.0000,74.9965,433,9.10,20.46,8.842
122.0000,72.0000,74.5235,427,9.34,20.46,8.849
127.0000,77.0000,78.1739,453,9.44,20.46,8.857
10.0000,77.0000,81.4748,465,9.62,6.82,8.864
40.0000,75.0000,75.9793,434,9.80,12.48,8.872
74.0000,72.0000,73.5469,424,9.98,13.20,8.879
56.0000,72.0000,73.5817,424,10.18,14.68,8.887
92.0000,72.0000,72.2299,416,10.40,8.70,8.895
78.0000,73.0000,73.5665,431,10.62,10.10,8.902
7.0000,73.0000,73.8662,429,10.86,8.48,8.909
118.0000,69.0000,68.7251,401,11.00,9.30,8.917
82.0000,72.0000,72.5132,428,11.16,10.08,8.925
25.0000,72.0000,73.1546,428,11.46,9.58,8.932
117.0000,70.0000,69.4521,408,11.64,8.86,8.940
69.0000,73.0000,72.6667,433,11.76,8.90,8.947
18.0000,75.0000,72.4188,428,11.84,8.96,8.954
18.0000,70.0000,68.2347,414,11.94,8.94,8.962
65.0000,66.0000,64.3727,386,12.10,8.96,8.970
67.0000,67.0000,64.4209,387,12.22,8.96,8.978
105.0000,66.0000,64.5953,398,12.28,12.20,8.985
36.0000,68.0000,67.3269,404,12.38,13.14,8.992
7.0000,67.0000,64.9185,389,12.46,0.38,9.000
56.0000,63.0000,61.0029,366,12.54,2.58,9.007
88.0000,62.0000,60.6182,366,12.60,2.56,9.015
115.0000,65.0000,62.7236,376,12.72,2.52,9.023
115.0000,67.0000,66.2578,401,12.78,1.84,9.030
40.0000,70.0000,69.5530,415,12.86,2.82,9.037
56.0000,69.0000,67.2810,400,12.98,2.90,9.045
30.0000,69.0000,66.4137,399,13.04,3.34,9.053
90.0000,65.0000,63.9519,383,13.08,1.94,9.060
100.0000,67.0000,65.9547,393,13.10,1.94,9.068
121.0000,70.0000,68.2563,410,13.12,2.46,9.075
69.0000,74.0000,71.8221,427,13.12,2.76,9.082
108.0000,73.0000,71.6052,422,13.12,4.00,9.090
67.0000,75.0000,74.4034,442,13.20,4.36,9.098
40.0000,77.0000,73.9029,435,13.28,7.78,9.105
85.0000,72.0000,71.2962,429,13.30,8.70,9.113
90.0000,73.0000,72.2227,430,13.30,9.14,9.120
84.0000,77.0000,73.5894,434,13.30,4.60,9.128
81.0000,75.0000,74.2932,444,13.30,4.60,9.135
68.0000,75.0000,74.8089,442,13.32,4.58,9.143
66.0000,77.0000,74.3485,438,13.32,4.58,9.150
70.0000,75.0000,73.7067,433,13.30,4.58,9.158
64.0000,74.0000,73.4561,434,13.32,4.58,9.165
63.0000,76.0000,72.7291,429,13.32,4.58,9.173
68.0000,73.0000,71.9810,434,13.34,4.64,9.181
66.0000,72.0000,71.7119,425,13.34,4.66,9.188
66.0000,73.0000,71.2728,421,13.34,4.66,9.196
63.0000,72.0000,70.9163,423,13.34,4.68,9.203
66.0000,71.0000,70.3811,416,13.36,4.68,9.210
71.0000,71.0000,70.0443,413,13.36,4.66,9.218
69.0000,71.0000,70.1178,417,13.36,4.68,9.226
79.0000,71.0000,70.0422,414,13.36,4.62,9.233
72.0000,73.0000,70.7308,416,13.38,4.52,9.241
84.0000,72.0000,70.8166,420,13.36,4.60,9.248
87.0000,72.0000,71.7079,425,13.36,4.62,9.255
88.0000,74.0000,72.8837,427,13.36,4.64,9.263
91.0000,74.0000,74.0459,437,13.36,4.64,9.271
89.0000,75.0000,75.1921,441,13.36,4.66,9.278
79.0000,77.0000,76.2537,443,13.36,4.70,9.286
66.0000,76.0000,76.4393,447,13.36,4.74,9.293
39.0000,75.0000,75.7336,441,13.36,4.88,9.300
77.0000,73.0000,72.5720,425,13.36,5.00,9.309
96.0000,73.0000,72.8714,431,13.36,5.04,9.316
100.0000,74.0000,74.4350,439,13.36,5.04,9.323
68.0000,77.0000,76.4006,446,13.34,4.96,9.331
122.0000,76.0000,75.8327,446,13.36,0.16,9.338
125.0000,81.0000,79.3824,461,13.36,0.16,9.346
127.0000,82.0000,82.8894,493,13.36,0.16,9.354
129.0000,84.0000,85.8715,496,13.36,0.16,9.361
131.0000,88.0000,89.1875,510,13.36,0.16,9.369
132.0000,91.0000,92.0143,530,13.36,0.16,9.376
133.0000,94.0000,94.7176,542,13.36,0.16,9.383
134.0000,96.0000,97.6610,564,13.36,0.16,9.391
135.0000,98.0000,100.4547,572,13.36,0.16,9.399
135.0000,101.0000,103.1108,580,13.36,0.16,9.407
135.0000,102.0000,105.2667,596,13.36,0.16,9.414
131.0000,105.0000,107.5525,603,13.38,0.16,9.422
133.0000,106.0000,109.1379,616,13.36,0.16,9.429
128.0000,108.0000,111.1917,621,13.38,0.16,9.438
130.0000,109.0000,112.3280,633,13.36,0.16,9.445
128.0000,113.0000,113.6866,635,13.36,0.16,9.453
127.0000,111.0000,114.6543,647,13.36,0.14,9.460
117.0000,114.0000,115.6035,647,13.38,0.16,9.468
114.0000,112.0000,115.6979,653,13.38,0.16,9.475
118.0000,114.0000,115.5674,648,13.36,0.16,9.483
115.0000,113.0000,115.7544,655,13.36,0.16,9.491
61.0000,113.0000,115.7034,650,13.38,0.30,9.498
50.0000,109.0000,111.4974,632,13.38,0.32,9.506
84.0000,105.0000,107.3398,607,13.38,0.60,9.513
87.0000,104.0000,105.3310,598,13.38,0.74,9.522
88.0000,102.0000,104.0917,596,13.38,0.64,9.529
20.0000,103.0000,102.8545,588,13.38,0.40,9.537
42.0000,96.0000,97.2530,558,13.38,0.52,9.544
53.0000,93.0000,93.5176,538,13.38,1.10,9.551
76.0000,91.0000,90.4027,524,13.38,0.72,9.559
56.0000,89.0000,89.2953,524,13.38,0.78,9.567
66.0000,88.0000,87.0443,511,13.38,1.70,9.574
40.0000,87.0000,85.4263,502,13.40,1.64,9.582
10.0000,84.0000,82.3552,488,13.42,1.42,9.589
18.0000,79.0000,77.4636,459,13.44,1.40,9.596
19.0000,75.0000,72.8921,437,13.44,1.40,9.604
21.0000,72.0000,68.7485,418,13.44,1.40,9.612
16.0000,69.0000,65.5204,401,13.44,1.42,9.619
18.0000,66.0000,61.7129,382,13.44,1.42,9.627
20.0000,63.0000,58.7577,367,13.44,1.42,9.634
18.0000,61.0000,56.1374,353,13.44,1.44,9.641
21.0000,58.0000,52.8551,345,13.44,1.44,9.650
79.0000,56.0000,50.7015,327,13.46,1.84,9.657
44.0000,60.0000,52.8770,337,13.44,1.92,9.665
46.0000,57.0000,52.2769,343,13.44,1.92,9.672
105.0000,57.0000,51.8525,331,13.46,1.74,9.679
35.0000,60.0000,55.9384,350,13.44,3.12,9.687
104.0000,58.0000,54.3285,341,13.44,3.38,9.695
67.0000,60.0000,57.6865,359,13.46,5.14,9.702
48.0000,62.0000,58.4026,358,13.44,6.26,9.710
118.0000,60.0000,57.6993,356,13.46,8.14,9.717
124.0000,63.0000,61.7760,378,13.46,7.64,9.724
118.0000,69.0000,66.5602,398,13.44,7.60,9.732
82.0000,71.0000,70.5153,421,13.46,7.46,9.740
95.0000,73.0000,71.3982,421,13.46,7.76,9.748
91.0000,74.0000,72.9938,435,13.46,6.70,9.755
88.0000,74.0000,74.2111,436,13.44,7.46,9.762
68.0000,76.0000,75.2713,439,13.46,7.36,9.770
100.0000,75.0000,74.7122,440,13.46,9.34,9.778
70.0000,76.0000,76.4218,448,13.46,10.50,9.785
84.0000,77.0000,75.9281,442,13.46,13.10,9.793
115.0000,76.0000,76.4739,449,13.44,13.88,9.800
133.0000,82.0000,79.4360,461,13.46,13.46,9.808
111.0000,83.0000,83.0573,488,13.44,10.66,9.815
72.0000,84.0000,85.2055,492,13.46,11.62,9.823
112.0000,84.0000,84.1901,495,13.44,11.92,9.831
125.0000,85.0000,86.0702,498,13.46,10.18,9.838
111.0000,89.0000,89.0634,509,13.46,10.66,9.846
124.0000,89.0000,90.5465,521,13.46,11.80,9.853
60.0000,92.0000,93.1183,531,13.46,14.76,9.861
102.0000,89.0000,90.5720,520,13.50,15.48,9.869
68.0000,89.0000,91.3446,523,13.44,4.18,9.876
51.0000,89.0000,89.5497,512,13.44,3.56,9.884
88.0000,86.0000,86.9435,499,13.46,3.40,9.891
62.0000,88.0000,87.0149,500,13.46,5.04,9.898
106.0000,85.0000,84.8619,489,13.44,9.60,9.907
30.0000,86.0000,86.2910,502,13.46,20.46,9.914
38.0000,83.0000,81.9634,478,13.44,20.38,9.922
28.0000,79.0000,78.9909,463,13.46,20.46,9.929
23.0000,76.0000,75.5436,444,13.46,20.44,9.936
23.0000,73.0000,71.5041,423,13.46,20.44,9.944
30.0000,70.0000,67.7748,406,13.46,20.46,9.952
25.0000,67.0000,64.8707,391,13.46,20.44,9.960
35.0000,65.0000,62.1752,378,13.46,20.46,9.967
30.0000,63.0000,60.3380,367,13.46,20.44,9.974
25.0000,61.0000,58.0054,355,13.46,20.42,9.982
45.0000,58.0000,55.7741,344,13.46,20.46,9.989
49.0000,58.0000,54.8468,340,13.46,20.46,9.998
52.0000,57.0000,54.4515,340,13.46,20.46,10.005
